iucn_sid,eez_km2,nms_km2,terr_km2
2474,616200,476200,24200
2475,616200,476200,24200
2476,616200,476200,24200
2477,616200,476200,24200
3381,4100,0,3900
3853,300,0,300
3855,616200,476200,24200
3897,616500,476200,24500
4615,616200,476200,24200
6909,4000,0,3800
7135,4100,0,3900
7858,136700,91900,24100
8005,616200,476200,24200
8551,616200,476200,24200
9249,616200,476200,24200
9461,616200,476200,24200
11047,616200,476200,24200
11048,616200,476200,24200
11060,4100,0,3900
11140,616200,476200,24200
11150,300,0,300
11534,616200,476200,24200
13006,616200,476200,24200
13244,616200,476200,24200
13246,616200,476200,24200
15421,616200,476200,24200
16011,24500,2800,12400
16012,3800,0,3600
16564,616200,476200,24200
18596,616200,476200,24200
19388,1200,0,1200
19488,616200,476200,24200
20729,616200,476200,24200
20731,616200,476200,24200
20733,616200,476200,24200
20738,616200,476200,24200
21856,515900,382700,17400
21857,616200,476200,24200
21859,616200,476200,24200
22563,616200,476200,24200
23148,616200,476200,24200
23211,616200,476200,24200
31382,3100,0,2900
33705,3100,0,2900
39336,4100,0,3900
39337,616200,476200,24200
39338,616200,476200,24200
39339,616200,476200,24200
39341,616200,476200,24200
39365,63000,29900,12400
39370,616200,476200,24200
39374,616200,476200,24200
39375,136700,91900,24100
39381,616200,476200,24200
39384,180300,132500,24200
39386,104800,74200,17600
39415,136700,91900,24100
39773,3800,0,3600
39774,4100,0,3900
40635,616200,476200,24200
41714,38900,37500,1400
41755,616200,476200,24200
41832,73700,62000,11700
41835,63000,29900,12400
41836,3800,0,3600
41851,136700,91900,24100
44673,4100,0,3900
44674,63000,29900,12400
44684,136700,91900,24100
60199,62700,29700,12400
60210,616200,476200,24200
60225,616200,476200,24200
61213,4100,0,3900
61250,4100,0,3900
61338,136700,91900,24100
61339,136700,91900,24100
63571,136700,91900,24100
64411,4100,0,3900
64412,4100,0,3900
132723,4100,0,3900
132725,63000,29900,12400
132732,4100,0,3900
132737,4100,0,3900
132738,4100,0,3900
132741,4100,0,3900
132745,63000,29900,12400
132746,4100,0,3900
132747,4100,0,3900
132751,4100,0,3900
132756,4100,0,3900
132757,4100,0,3900
132758,4100,0,3900
132763,3800,0,3600
132766,4100,0,3900
132776,4100,0,3900
132778,4100,0,3900
132781,4100,0,3900
132783,4100,0,3900
132787,4100,0,3900
132788,4100,0,3900
132789,100,0,100
132791,63000,29900,12400
132794,63000,29900,12400
132800,4100,0,3900
132804,2500,0,2500
132805,3800,0,3600
132808,3800,0,3600
132810,4100,0,3900
132814,4100,0,3900
132815,4100,0,3900
132817,4100,0,3900
132823,3800,0,3600
132825,4100,0,3900
132829,3800,0,3600
132860,4100,0,3900
132862,136400,91700,24100
132864,4100,0,3900
132866,3800,0,3600
132869,4100,0,3900
132871,4100,0,3900
132873,4100,0,3900
132878,4100,0,3900
132880,4100,0,3900
132881,4100,0,3900
132883,4100,0,3900
132885,4100,0,3900
132887,4100,0,3900
132888,4100,0,3900
132890,100,0,100
132894,300,0,300
132895,300,0,300
132896,300,0,300
132897,3800,0,3600
132900,4100,0,3900
132903,4100,0,3900
132904,4100,0,3900
132905,300,0,300
132906,62700,29700,12400
132908,73700,62000,11700
132910,4100,0,3900
132911,4100,0,3900
132916,4100,0,3900
132917,4100,0,3900
132922,4100,0,3900
132923,4100,0,3900
132925,3800,0,3600
132926,62700,29700,12400
132928,300,0,300
132930,3800,0,3600
132931,300,0,300
132933,4100,0,3900
132935,3800,0,3600
132936,4100,0,3900
132940,4100,0,3900
132944,300,0,300
132947,100,0,100
132948,4100,0,3900
132954,3800,0,3600
132956,4100,0,3900
132958,4100,0,3900
132960,4100,0,3900
132965,4100,0,3900
132966,136400,91700,24100
132967,300,0,300
132969,4100,0,3900
132972,300,0,300
132973,3800,0,3600
132975,4100,0,3900
132976,4100,0,3900
132978,4100,0,3900
132979,4100,0,3900
132980,4100,0,3900
132983,4100,0,3900
132986,4100,0,3900
132987,4100,0,3900
132988,4100,0,3900
132990,300,0,300
132992,4100,0,3900
132993,300,0,300
132997,4100,0,3900
132998,4100,0,3900
133000,62700,29700,12400
133001,4100,0,3900
133002,4100,0,3900
133008,3800,0,3600
133010,4100,0,3900
133011,3800,0,3600
133013,4100,0,3900
133015,300,0,300
133016,4100,0,3900
133020,4100,0,3900
133021,4100,0,3900
133023,4100,0,3900
133024,4100,0,3900
133025,4100,0,3900
133026,300,0,300
133028,4100,0,3900
133029,4100,0,3900
133030,136400,91700,24100
133033,4100,0,3900
133034,136400,91700,24100
133035,73700,62000,11700
133038,4100,0,3900
133040,4100,0,3900
133041,4100,0,3900
133043,4100,0,3900
133044,4100,0,3900
133045,3800,0,3600
133046,4100,0,3900
133048,300,0,300
133049,4100,0,3900
133054,4100,0,3900
133055,4100,0,3900
133058,4100,0,3900
133059,3800,0,3600
133060,4100,0,3900
133063,4100,0,3900
133066,4100,0,3900
133068,4100,0,3900
133069,4100,0,3900
133070,4100,0,3900
133071,4100,0,3900
133075,3800,0,3600
133076,4100,0,3900
133080,300,0,300
133081,4100,0,3900
133082,4100,0,3900
133083,4100,0,3900
133084,4100,0,3900
133087,4100,0,3900
133088,4100,0,3900
133090,4100,0,3900
133091,4100,0,3900
133094,300,0,300
133095,4100,0,3900
133097,3800,0,3600
133098,4100,0,3900
133099,4100,0,3900
133105,4100,0,3900
133106,4100,0,3900
133107,300,0,300
133110,4100,0,3900
133112,300,0,300
133116,4100,0,3900
133117,3800,0,3600
133118,3800,0,3600
133120,300,0,300
133127,4100,0,3900
133129,300,0,300
133132,4100,0,3900
133133,300,0,300
133136,4100,0,3900
133137,4100,0,3900
133139,4100,0,3900
133140,4100,0,3900
133146,4100,0,3900
133147,4100,0,3900
133148,4100,0,3900
133152,4100,0,3900
133156,4100,0,3900
133157,300,0,300
133158,4100,0,3900
133160,4100,0,3900
133161,300,0,300
133166,4100,0,3900
133167,4100,0,3900
133171,4100,0,3900
133172,4100,0,3900
133173,3900,0,3700
133174,3800,0,3600
133175,4100,0,3900
133176,300,0,300
133177,300,0,300
133178,4100,0,3900
133179,3800,0,3600
133182,4100,0,3900
133183,4100,0,3900
133186,4100,0,3900
133188,3800,0,3600
133192,4100,0,3900
133193,4100,0,3900
133194,4100,0,3900
133196,4100,0,3900
133197,4100,0,3900
133198,4100,0,3900
133200,4100,0,3900
133201,4100,0,3900
133203,4100,0,3900
133207,4100,0,3900
133208,4100,0,3900
133209,4100,0,3900
133210,300,0,300
133213,3800,0,3600
133214,62700,29700,12400
133215,4100,0,3900
133216,4100,0,3900
133220,4100,0,3900
133222,4100,0,3900
133223,300,0,300
133225,3800,0,3600
133227,300,0,300
133230,4100,0,3900
133231,4100,0,3900
133236,4100,0,3900
133238,4100,0,3900
133239,4100,0,3900
133240,4100,0,3900
133242,4100,0,3900
133243,300,0,300
133244,4100,0,3900
133245,300,0,300
133246,4100,0,3900
133248,4100,0,3900
133250,4100,0,3900
133253,300,0,300
133256,4100,0,3900
133258,4100,0,3900
133259,3800,0,3600
133262,4100,0,3900
133266,4100,0,3900
133267,4100,0,3900
133269,4100,0,3900
133270,3800,0,3600
133271,300,0,300
133272,4100,0,3900
133273,73700,62000,11700
133277,4100,0,3900
133278,4100,0,3900
133279,73700,62000,11700
133284,4100,0,3900
133289,4100,0,3900
133290,4100,0,3900
133291,3800,0,3600
133292,4100,0,3900
133293,4100,0,3900
133298,4100,0,3900
133299,300,0,300
133302,4100,0,3900
133303,4100,0,3900
133304,4100,0,3900
133305,3800,0,3600
133306,300,0,300
133307,300,0,300
133308,4100,0,3900
133313,4100,0,3900
133314,4100,0,3900
133315,4100,0,3900
133317,4100,0,3900
133319,4100,0,3900
133320,300,0,300
133321,300,0,300
133322,4100,0,3900
133324,4100,0,3900
133325,4100,0,3900
133326,4100,0,3900
133327,4100,0,3900
133329,4100,0,3900
133330,4100,0,3900
133332,3800,0,3600
133333,300,0,300
133337,4100,0,3900
133338,300,0,300
133339,300,0,300
133341,4100,0,3900
133343,4100,0,3900
133345,4100,0,3900
133351,4100,0,3900
133353,4100,0,3900
133354,300,0,300
133357,3800,0,3600
133358,4100,0,3900
133359,300,0,300
133360,4100,0,3900
133364,4100,0,3900
133365,4100,0,3900
133371,300,0,300
133372,300,0,300
133374,300,0,300
133375,4100,0,3900
133376,4100,0,3900
133378,4100,0,3900
133382,4100,0,3900
133383,4100,0,3900
133386,4100,0,3900
133387,4100,0,3900
133388,3800,0,3600
133390,4100,0,3900
133392,3800,0,3600
133393,136400,91700,24100
133397,300,0,300
133398,4100,0,3900
133403,4100,0,3900
133404,300,0,300
133405,3800,0,3600
133406,4100,0,3900
133407,4100,0,3900
133408,300,0,300
133410,4100,0,3900
133411,300,0,300
133413,300,0,300
133414,4100,0,3900
133415,4100,0,3900
133417,300,0,300
133418,4100,0,3900
133419,4100,0,3900
133420,4100,0,3900
133422,300,0,300
133423,4100,0,3900
133424,300,0,300
133426,4100,0,3900
133427,4100,0,3900
133428,4100,0,3900
133429,4100,0,3900
133431,4100,0,3900
133432,4100,0,3900
133433,4100,0,3900
133438,4100,0,3900
133440,4100,0,3900
133441,300,0,300
133442,4100,0,3900
133448,4100,0,3900
133451,4100,0,3900
133452,4100,0,3900
133453,4100,0,3900
133456,4100,0,3900
133458,4100,0,3900
133459,4100,0,3900
133463,4100,0,3900
133468,4100,0,3900
133470,4100,0,3900
133471,3800,0,3600
133473,4100,0,3900
133474,4100,0,3900
133478,4100,0,3900
133479,4100,0,3900
133481,4100,0,3900
133482,4100,0,3900
133485,4100,0,3900
133486,4100,0,3900
133491,4100,0,3900
133492,4100,0,3900
133493,4100,0,3900
133495,4100,0,3900
133496,4100,0,3900
133497,3800,0,3600
133498,4100,0,3900
133502,4100,0,3900
133503,4100,0,3900
133509,4100,0,3900
133510,4100,0,3900
133513,300,0,300
133516,4100,0,3900
133523,4100,0,3900
133525,4100,0,3900
133526,4100,0,3900
133528,100,0,100
133530,4100,0,3900
133531,4100,0,3900
133532,4100,0,3900
133534,300,0,300
133536,4100,0,3900
133538,4100,0,3900
133539,4100,0,3900
133545,4100,0,3900
133546,300,0,300
133547,4100,0,3900
133548,4100,0,3900
133551,4100,0,3900
133553,4100,0,3900
133555,300,0,300
133556,300,0,300
133557,4100,0,3900
133558,4100,0,3900
133559,4100,0,3900
133560,4100,0,3900
133563,300,0,300
133566,4100,0,3900
133567,3800,0,3600
133569,4100,0,3900
133570,4100,0,3900
133576,4100,0,3900
133578,300,0,300
133580,3800,0,3600
133581,3800,0,3600
133582,4100,0,3900
133585,300,0,300
133587,4100,0,3900
133588,4100,0,3900
133589,300,0,300
133590,300,0,300
133592,73700,62000,11700
133593,4100,0,3900
133595,4100,0,3900
133599,4100,0,3900
133601,300,0,300
133603,4100,0,3900
133606,4100,0,3900
133607,4100,0,3900
133613,4100,0,3900
133615,300,0,300
133616,4100,0,3900
133619,300,0,300
133621,4100,0,3900
133622,300,0,300
133623,300,0,300
133628,4100,0,3900
133633,4100,0,3900
133634,4100,0,3900
133635,4100,0,3900
133636,4100,0,3900
133638,4100,0,3900
133640,3800,0,3600
133641,4100,0,3900
133644,4100,0,3900
133646,4100,0,3900
133647,300,0,300
133648,4100,0,3900
133649,4100,0,3900
133651,4100,0,3900
133652,4100,0,3900
133654,4100,0,3900
133658,4000,0,3800
133660,4100,0,3900
133661,4100,0,3900
133662,4100,0,3900
133666,4100,0,3900
133668,4100,0,3900
133669,300,0,300
133673,4100,0,3900
133674,300,0,300
133675,300,0,300
133676,4100,0,3900
133678,73700,62000,11700
133679,300,0,300
133682,300,0,300
133685,4100,0,3900
133693,4100,0,3900
133695,300,0,300
133696,300,0,300
133697,4100,0,3900
133698,300,0,300
133700,4100,0,3900
133702,4100,0,3900
135567,4100,0,3900
136623,616200,476200,24200
154623,4100,0,3900
154643,3100,0,2900
154670,4100,0,3900
154676,3900,0,3700
154677,4100,0,3900
154678,63000,29900,12400
154712,616200,476200,24200
154759,300,0,300
154760,4100,0,3900
154812,300,0,300
154844,136300,91600,24100
154848,4100,0,3900
154850,4100,0,3900
154861,4100,0,3900
154863,4100,0,3900
154868,3800,0,3600
154872,92500,54500,17300
154898,3800,0,3600
154916,616200,476200,24200
154952,4100,0,3900
154959,136300,91600,24100
154960,4100,0,3900
154967,3800,0,3600
154978,4000,0,3800
154998,616200,476200,24200
154999,136400,91700,24100
155014,136400,91700,24100
155029,3900,0,3700
155034,3800,0,3600
155050,4000,0,3800
155068,616200,476200,24200
155075,616200,476200,24200
155089,3800,0,3600
155097,4100,0,3900
155102,4100,0,3900
155112,582600,442600,24200
155120,4100,0,3900
155130,136700,91900,24100
155144,100,0,100
155146,4100,0,3900
155151,100,0,100
155153,4100,0,3900
155176,4100,0,3900
155221,63000,29900,12400
155229,4100,0,3900
155268,4100,0,3900
155277,3800,0,3600
155290,4100,0,3900
155308,4100,0,3900
155314,3800,0,3600
158627,4100,0,3900
158632,100,0,100
161526,3800,0,3600
161597,616200,476200,24200
161696,616200,476200,24200
165615,4100,0,3900
165620,4100,0,3900
165622,4100,0,3900
165623,4100,0,3900
165626,4100,0,3900
165628,4100,0,3900
165630,4100,0,3900
165631,4100,0,3900
165632,4100,0,3900
165638,4100,0,3900
165640,4100,0,3900
165641,4100,0,3900
165645,3800,0,3600
165650,4100,0,3900
165651,4100,0,3900
165652,4100,0,3900
165653,3500,0,3500
165656,3800,0,3600
165657,4100,0,3900
165664,4100,0,3900
165665,4100,0,3900
165667,4100,0,3900
165668,4100,0,3900
165669,4100,0,3900
165672,4100,0,3900
165676,3900,0,3700
165680,4100,0,3900
165681,4100,0,3900
165686,4100,0,3900
165689,4100,0,3900
165692,4100,0,3900
165694,4100,0,3900
165702,3800,0,3600
165704,4100,0,3900
165711,4100,0,3900
165712,136700,91900,24100
165713,4100,0,3900
165714,4100,0,3900
165716,4100,0,3900
165718,3600,0,3600
165725,4100,0,3900
165828,4100,0,3900
165829,3800,0,3600
165835,4100,0,3900
165838,3800,0,3600
165840,4100,0,3900
165843,4100,0,3900
165848,3800,0,3600
165851,300,0,300
165852,4100,0,3900
165860,4100,0,3900
165862,4100,0,3900
165864,4100,0,3900
165867,4100,0,3900
165868,4100,0,3900
165871,4100,0,3900
165872,3800,0,3600
165885,4100,0,3900
165893,4100,0,3900
165896,3800,0,3600
165900,3500,0,3500
165901,4100,0,3900
165902,4100,0,3900
166077,4100,0,3900
166138,4100,0,3900
166533,4100,0,3900
166575,3800,0,3600
166868,137000,91900,24400
166892,63000,29900,12400
166897,4100,0,3900
166919,4100,0,3900
166925,4100,0,3900
166947,136300,91600,24100
168374,3800,0,3600
169015,4100,0,3900
169679,3800,0,3600
169951,4100,0,3900
169962,480000,384700,100
169968,136400,91700,24100
170043,300,300,0
170063,4100,0,3900
170071,300,0,300
170086,266900,207200,100
170198,4100,0,3900
170309,616200,476200,24200
170310,616200,476200,24200
170312,616200,476200,24200
170314,549700,415400,18500
170315,549700,415400,18500
170316,71300,64500,6800
170318,100,0,100
170324,154400,144400,10000
170328,616200,476200,24200
170329,37400,35700,1700
170331,616200,476200,24200
170336,342500,316600,11800
170338,616200,476200,24200
170341,382100,256500,12400
170344,229700,217400,11800
170350,616200,476200,24200
170351,32700,32700,0
170355,229700,217400,11800
170358,147300,100700,12400
172393,4100,0,3900
172416,600,0,600
172443,4100,0,3900
172450,3800,0,3600
172487,4100,0,3900
172495,3800,0,3600
172497,4100,0,3900
173327,4100,0,3900
173328,4100,0,3900
173331,4100,0,3900
173332,4100,0,3900
173352,300,0,300
173358,4100,0,3900
173363,4100,0,3900
173364,4100,0,3900
173375,4100,0,3900
173376,4100,0,3900
176726,200,0,200
176735,4000,0,3800
176737,200,0,200
176738,52300,21600,19700
176743,200,0,200
176746,200,0,200
176750,4000,0,3800
176771,4000,0,3800
177950,4100,0,3900
177951,4100,0,3900
177955,4100,0,3900
177957,4100,0,3900
177958,4100,0,3900
177961,300,0,300
177965,4100,0,3900
177967,4100,0,3900
177969,4100,0,3900
177970,4100,0,3900
177971,4100,0,3900
177972,4100,0,3900
177977,3800,0,3600
177978,4100,0,3900
177979,4100,0,3900
177980,4100,0,3900
177981,4100,0,3900
177983,4100,0,3900
177986,4100,0,3900
177988,4100,0,3900
177989,4100,0,3900
177990,4100,0,3900
177991,4100,0,3900
177993,4100,0,3900
177994,4100,0,3900
177995,4100,0,3900
178002,4100,0,3900
178005,4100,0,3900
178008,4100,0,3900
178010,4100,0,3900
178012,4100,0,3900
178013,4000,0,3800
178014,4100,0,3900
178015,3800,0,3600
178017,4100,0,3900
178019,4100,0,3900
178022,4100,0,3900
178800,3100,0,2900
178803,3100,0,2900
178804,3100,0,2900
178817,3100,0,2900
178822,3100,0,2900
178825,3100,0,2900
178830,3100,0,2900
178832,3100,0,2900
178838,3100,0,2900
178842,3100,0,2900
178845,3100,0,2900
178850,3100,0,2900
178852,3100,0,2900
178854,3100,0,2900
178889,3800,0,3600
178892,4100,0,3900
178894,3800,0,3600
178932,4100,0,3900
178950,3800,0,3600
179001,4100,0,3900
179062,3800,0,3600
179074,4100,0,3900
179085,4100,0,3900
179093,4000,0,3800
179109,3800,0,3600
179112,3900,0,3700
180226,136700,91900,24100
180231,4100,0,3900
180235,4100,0,3900
180236,136700,91900,24100
180248,4100,0,3900
180257,4100,0,3900
180265,136700,91900,24100
180275,4100,0,3900
180285,4100,0,3900
180286,4100,0,3900
180324,4100,0,3900
180337,136700,91900,24100
180347,73700,62000,11700
180352,4100,0,3900
180367,4100,0,3900
180375,4100,0,3900
180386,4100,0,3900
180395,4100,0,3900
180406,3800,0,3600
180420,63000,29900,12400
180421,4100,0,3900
180437,4100,0,3900
180440,4100,0,3900
180443,4100,0,3900
180446,63000,29900,12400
180477,4100,0,3900
180479,4100,0,3900
180481,4100,0,3900
180483,4100,0,3900
180488,4100,0,3900
180494,4100,0,3900
180512,4100,0,3900
180518,4100,0,3900
180525,4100,0,3900
180534,4100,0,3900
180541,4100,0,3900
180544,3800,0,3600
180545,3800,0,3600
181116,600,0,600
183158,4100,0,3900
183274,4100,0,3900
184990,230300,141200,11000
185000,100,100,0
185012,61900,61900,0
185024,100,0,100
185026,179400,131500,24200
185029,104300,92700,11600
185032,100,0,100
185038,19500,19500,0
185079,31700,31700,0
185933,136300,91600,24100
186087,4100,0,3900
186088,4100,0,3900
186090,4100,0,3900
187368,4100,0,3900
187373,4100,0,3900
187381,4100,0,3900
187382,4100,0,3900
187383,4100,0,3900
187384,4100,0,3900
187389,4000,0,3800
187395,4100,0,3900
187396,4100,0,3900
187407,4100,0,3900
187415,3800,0,3600
187417,3800,0,3600
187423,4100,0,3900
187424,4100,0,3900
187431,4100,0,3900
187436,136700,91900,24100
187438,63000,29900,12400
187441,4100,0,3900
187443,4100,0,3900
187445,63000,29900,12400
187450,3800,0,3600
187452,3800,0,3600
187454,4100,0,3900
187461,3800,0,3600
187466,4100,0,3900
187474,4100,0,3900
187476,4100,0,3900
187477,4100,0,3900
187478,4100,0,3900
187489,4100,0,3900
187490,4100,0,3900
187497,136700,91900,24100
187505,3800,0,3600
187507,136700,91900,24100
187511,100,0,100
187514,3800,0,3600
187516,136700,91900,24100
187517,3800,0,3600
187523,4100,0,3900
187525,105400,67400,17300
187527,3800,0,3600
187530,3900,0,3700
187536,4100,0,3900
187538,3800,0,3600
187544,3800,0,3600
187547,4100,0,3900
187554,63000,29900,12400
187556,3800,0,3600
187559,4100,0,3900
187564,4100,0,3900
187565,4100,0,3900
187575,4100,0,3900
187578,3800,0,3600
187594,3800,0,3600
187604,3800,0,3600
187609,3800,0,3600
187610,4100,0,3900
187621,4100,0,3900
187622,4100,0,3900
187624,3800,0,3600
187625,3800,0,3600
187626,3800,0,3600
187631,4100,0,3900
187638,4100,0,3900
187642,3800,0,3600
187646,136700,91900,24100
187649,4100,0,3900
187658,4100,0,3900
187673,136700,91900,24100
187674,136700,91900,24100
187677,4100,0,3900
187681,3800,0,3600
187685,4100,0,3900
187688,3800,0,3600
187689,63000,29900,12400
187690,63000,29900,12400
187692,4100,0,3900
187697,3800,0,3600
187698,4100,0,3900
187699,4100,0,3900
187700,3800,0,3600
187702,63000,29900,12400
187705,4100,0,3900
187707,4100,0,3900
187710,3800,0,3600
187713,4100,0,3900
187715,4100,0,3900
187716,4100,0,3900
187718,3800,0,3600
187721,3800,0,3600
187722,4100,0,3900
187723,4100,0,3900
187728,63000,29900,12400
187733,4100,0,3900
187739,4100,0,3900
187746,4100,0,3900
187759,3800,0,3600
187762,4100,0,3900
187763,4100,0,3900
187765,3900,0,3700
187767,136700,91900,24100
187772,3800,0,3600
187780,4100,0,3900
187783,4100,0,3900
187784,4100,0,3900
187786,136700,91900,24100
187801,4100,0,3900
187802,4100,0,3900
187810,3800,0,3600
187935,136700,91900,24100
188101,4100,0,3900
188340,4100,0,3900
188343,4100,0,3900
188366,4100,0,3900
188371,3100,0,2900
188382,4100,0,3900
188398,4100,0,3900
188425,4100,0,3900
188430,4100,0,3900
188445,4100,0,3900
188453,4100,0,3900
188467,4100,0,3900
188491,4100,0,3900
188511,4100,0,3900
188528,3800,0,3600
188537,4100,0,3900
188546,3800,0,3600
188557,4100,0,3900
188580,4100,0,3900
188590,4100,0,3900
188609,4100,0,3900
189818,616200,476200,24200
190067,613600,476200,21800
190073,179400,131500,24200
190080,616200,476200,24200
190099,433900,301900,16200
190116,616200,476200,24200
190117,4100,0,3900
190118,605500,465500,24200
190123,4100,0,3900
190131,460800,371200,24000
190147,100,0,100
190154,616200,476200,24200
190164,4100,0,3900
190180,616200,476200,24200
190183,136400,91700,24100
190190,136400,91700,24100
190193,136400,91700,24100
190197,616200,476200,24200
190201,565800,425800,24200
190232,612800,476200,21000
190255,136400,91700,24100
190260,616200,476200,24200
190261,616200,476200,24200
190287,177100,131500,21900
190292,608700,468700,24200
190298,616200,476200,24200
190300,616200,476200,24200
190310,616200,476200,24200
190311,616200,476200,24200
190316,616200,476200,24200
190321,267700,239200,11800
190324,616200,476200,24200
190359,19900,19900,0
190369,616200,476200,24200
190388,4100,0,3900
190391,3800,0,3600
190393,616200,476200,24200
190399,136400,91700,24100
190414,616200,476200,24200
190425,616200,476200,24200
190432,179400,131500,24200
190433,616200,476200,24200
190452,4100,0,3900
190461,616200,476200,24200
190464,616200,476200,24200
190480,506200,370800,24200
190685,4100,0,3900
190688,4100,0,3900
190691,4100,0,3900
190694,4100,0,3900
190695,4100,0,3900
190704,3800,0,3600
190707,3800,0,3600
190708,4100,0,3900
190711,3800,0,3600
190713,4100,0,3900
190717,4100,0,3900
190719,94500,54600,19200
190725,4100,0,3900
190726,3800,0,3600
190727,4100,0,3900
190728,4100,0,3900
190731,4100,0,3900
190736,4100,0,3900
190739,4100,0,3900
190740,4100,0,3900
190744,3800,0,3600
190745,4100,0,3900
190747,4100,0,3900
190749,4100,0,3900
190755,4100,0,3900
190756,4100,0,3900
190761,4000,0,3800
190762,4000,0,3800
192276,4100,0,3900
192296,4100,0,3900
192297,4100,0,3900
192298,4100,0,3900
192305,4100,0,3900
192316,4100,0,3900
192318,4100,0,3900
192321,4100,0,3900
192327,300,0,300
192334,4100,0,3900
192342,4100,0,3900
192356,4100,0,3900
192362,4100,0,3900
192367,4100,0,3900
192374,4100,0,3900
192378,4100,0,3900
192380,300,0,300
192383,4100,0,3900
192386,4100,0,3900
192392,300,0,300
192393,4100,0,3900
192407,300,0,300
192413,4100,0,3900
192416,4100,0,3900
192419,4100,0,3900
192420,4100,0,3900
192424,4100,0,3900
192428,4100,0,3900
192431,4100,0,3900
192433,300,0,300
192440,4100,0,3900
192460,4100,0,3900
192505,300,0,300
192506,4100,0,3900
192507,4100,0,3900
192521,4100,0,3900
192536,4100,0,3900
192538,4100,0,3900
192549,4100,0,3900
192562,4100,0,3900
192563,4100,0,3900
192564,136700,91900,24100
192567,4100,0,3900
192580,4100,0,3900
192586,4100,0,3900
192587,4100,0,3900
192590,4100,0,3900
192593,4100,0,3900
192603,300,0,300
192604,300,0,300
192605,300,0,300
192611,4100,0,3900
192634,4100,0,3900
192636,4100,0,3900
192654,300,0,300
192664,4100,0,3900
192674,4100,0,3900
192686,4100,0,3900
192694,4100,0,3900
192699,4100,0,3900
192700,4100,0,3900
192701,4100,0,3900
192704,4100,0,3900
192708,4100,0,3900
192714,300,0,300
192719,4100,0,3900
192722,4100,0,3900
192727,300,0,300
192729,4100,0,3900
192737,4100,0,3900
192743,4100,0,3900
192745,3800,0,3600
192754,4100,0,3900
192772,4100,0,3900
192778,4100,0,3900
192779,4100,0,3900
192786,4100,0,3900
192789,4100,0,3900
192793,4100,0,3900
192796,4100,0,3900
192811,4100,0,3900
192812,4100,0,3900
192813,4100,0,3900
192815,4100,0,3900
192819,4100,0,3900
192829,4100,0,3900
192843,4100,0,3900
192844,4100,0,3900
192847,4100,0,3900
192849,4100,0,3900
192853,4100,0,3900
192870,4100,0,3900
192873,3100,0,2900
192879,4100,0,3900
192982,4000,0,3800
192986,62700,29700,12400
192987,3800,0,3600
192998,4100,0,3900
193000,3800,0,3600
193002,4100,0,3900
193003,3800,0,3600
193009,86300,46800,19200
193013,136300,91600,24100
193016,3800,0,3600
193017,136300,91600,24100
193018,3100,0,2900
193020,136300,91600,24100
193024,3800,0,3600
193025,3800,0,3600
193028,136300,91600,24100
193032,136300,91600,24100
193035,4100,0,3900
193037,3800,0,3600
193039,3800,0,3600
193041,3800,0,3600
193043,136300,91600,24100
193057,3800,0,3600
193059,3800,0,3600
193060,136300,91600,24100
193062,3800,0,3600
193066,3800,0,3600
193067,3800,0,3600
193068,100,0,100
193073,4100,0,3900
193074,3800,0,3600
193075,4000,0,3800
193078,3800,0,3600
193082,3800,0,3600
193089,62700,29700,12400
193093,4000,0,3800
193107,3800,0,3600
193108,4100,0,3900
193114,3800,0,3600
193123,4100,0,3900
193127,3800,0,3600
193130,3800,0,3600
193131,3800,0,3600
193139,4100,0,3900
193143,3800,0,3600
193145,4100,0,3900
193148,4100,0,3900
193150,73600,61900,11700
193151,4100,0,3900
193152,4100,0,3900
193156,200,0,200
193159,3800,0,3600
193160,4100,0,3900
193162,4100,0,3900
193163,4100,0,3900
193167,4100,0,3900
193174,3800,0,3600
193175,3800,0,3600
193189,136300,91600,24100
193196,3800,0,3600
193203,3800,0,3600
193204,4100,0,3900
193206,4100,0,3900
193209,4100,0,3900
193213,4100,0,3900
193214,62700,29700,12400
193216,3800,0,3600
193217,136300,91600,24100
193221,3800,0,3600
193223,3800,0,3600
193227,4100,0,3900
193229,4100,0,3900
193238,4100,0,3900
193241,3800,0,3600
193244,3800,0,3600
193245,4100,0,3900
193246,3800,0,3600
193248,3800,0,3600
193250,136300,91600,24100
193251,4000,0,3800
193256,3800,0,3600
193318,3800,0,3600
193467,3800,0,3600
193471,3800,0,3600
193472,3800,0,3600
193599,3800,0,3600
193607,600,0,600
193622,4100,0,3900
193623,4100,0,3900
193628,4100,0,3900
193642,4100,0,3900
193656,4100,0,3900
193662,3800,0,3600
193664,300,0,300
193669,3800,0,3600
193671,4100,0,3900
193675,4100,0,3900
193699,4100,0,3900
193712,4100,0,3900
193716,4400,0,4200
193717,73600,61900,11700
193723,3800,0,3600
193733,4100,0,3900
193766,4100,0,3900
193769,1000,1000,0
193775,3800,0,3600
193796,4100,0,3900
193804,4100,0,3900
193810,4100,0,3900
194289,4100,0,3900
194299,4100,0,3900
194307,136700,91900,24100
194331,4100,0,3900
194334,3800,0,3600
194337,4100,0,3900
194342,3800,0,3600
194350,4100,0,3900
194351,4100,0,3900
194356,4100,0,3900
194359,4100,0,3900
194360,4100,0,3900
194363,4100,0,3900
194366,4100,0,3900
194367,100,100,0
194368,3800,0,3600
194370,4100,0,3900
194371,136300,91600,24100
194374,4000,0,3800
194376,4100,0,3900
194377,4100,0,3900
194379,4100,0,3900
194380,73500,39500,10300
194382,4100,0,3900
194383,73600,61900,11700
194385,4100,0,3900
194386,104900,67000,17300
194387,136300,91600,24100
194391,4100,0,3900
194393,4000,0,3800
194398,4100,0,3900
194401,3800,0,3600
194402,4100,0,3900
194407,4100,0,3900
194993,179400,131500,24200
195345,300,0,300
195459,616200,476200,24200
196310,4400,0,4200
196313,4100,0,3900
196317,4100,0,3900
196325,300,0,300
196327,4100,0,3900
196339,3800,0,3600
196341,3800,0,3600
196343,3100,0,2900
196344,100,0,100
196345,100,0,100
196408,4100,0,3900
196410,4100,0,3900
196412,4100,0,3900
196417,3800,0,3600
196421,4100,0,3900
196436,4100,0,3900
197054,4100,0,3900
198561,4100,0,3900
198566,616200,476200,24200
198613,378200,249500,12900
198614,616200,476200,24200
198643,4100,0,3900
198650,616200,476200,24200
198651,616200,476200,24200
198670,4100,0,3900
198761,30800,30600,200
198921,616200,476200,24200
199622,3800,0,3600
199661,3800,0,3600
200715,4100,0,3900
13462731,615800,475800,24200
13462737,4100,0,3900
13485312,616200,476200,24200
13485622,616200,476200,24200
13485635,616200,476200,24200
13485675,177100,131500,21900
13485856,616200,476200,24200
13486199,4100,0,3900
13486514,4100,0,3900
13487700,2300,0,2300
15149121,616200,476200,24200
15522050,73700,62000,11700
15598524,616200,476200,24200
15598540,611400,471400,24200
15598550,616200,476200,24200
15598596,616200,476200,24200
15598630,616200,476200,24200
15598639,616200,476200,24200
15598666,616200,476200,24200
15598672,616200,476200,24200
15598778,616200,476200,24200
15598791,616200,476200,24200
15598812,616200,476200,24200
15598887,616200,476200,24200
15598957,616200,476200,24200
15599060,616200,476200,24200
15599078,616200,476200,24200
15600450,616200,476200,24200
15600453,616200,476200,24200
15600713,616200,476200,24200
15600727,616200,476200,24200
15600731,179600,161700,10000
15601909,78700,71900,6800
15601913,595200,455200,24200
16407132,136400,91700,24100
16425354,104500,92700,11800
16431757,4100,0,3900
16439367,616200,476200,24200
16440027,4100,0,3900
16507347,4100,0,3900
16509126,616200,476200,24200
16509242,616200,476200,24200
16509297,177800,129900,24200
16545183,616200,476200,24200
16545250,616200,476200,24200
16545253,616200,476200,24200
16545256,616200,476200,24200
16719296,4100,0,3900
16719387,4100,0,3900
16719605,300,0,300
16719651,4100,0,3900
16719685,4100,0,3900
16719839,4100,0,3900
16719843,4100,0,3900
16719994,4100,0,3900
16720002,4100,0,3900
16720022,4100,0,3900
16720036,4100,0,3900
16720083,4100,0,3900
16720267,4100,0,3900
16720328,4100,0,3900
16720528,4100,0,3900
16720537,4100,0,3900
16720568,4100,0,3900
16720577,4100,0,3900
16720607,4100,0,3900
16721443,136400,91700,24100
16721842,136400,91700,24100
16749737,136400,91700,24100
16781113,4100,0,3900
18123960,616200,476200,24200
18124015,616200,476200,24200
18124163,136700,91900,24100
18124179,100,0,100
18124738,4100,0,3900
18127741,616200,476200,24200
18127840,616200,476200,24200
18128749,616200,476200,24200
18139045,217100,180200,22900
18140736,616200,476200,24200
18155920,582100,442100,24200
18158262,4100,0,3900
18158583,445300,306000,23500
18227119,616200,476200,24200
18252612,616200,476200,24200
18252619,616200,476200,24200
18252629,616200,476200,24200
18252702,596200,456200,24200
18253276,616200,476200,24200
18253282,616200,476200,24200
18256458,538300,410400,24200
18256560,616200,476200,24200
18256726,616200,476200,24200
18256992,61300,55300,6000
18257780,4100,0,3900
19712515,1000,1000,0
19715689,104600,92800,11800
20249232,4100,0,3900
20249446,3800,0,3600
20250059,4100,0,3900
20252707,136700,91900,24100
20252738,136700,91900,24100
20252870,136400,91700,24100
20253006,3900,0,3700
20253212,63000,29900,12400
20256729,62700,29700,12400
20429419,4100,0,3900
20429438,136400,91700,24100
20429455,4100,0,3900
20429462,4100,0,3900
20429869,136300,91600,24100
20429950,4100,0,3900
20430011,62700,29700,12400
20430651,4100,0,3900
20430679,136300,91600,24100
20430774,4100,0,3900
20431518,62700,29700,12400
20432145,4100,0,3900
20432158,62700,29700,12400
20434766,4100,0,3900
20436473,4100,0,3900
20436497,4100,0,3900
20662028,616200,476200,24200
20665551,616200,476200,24200
20885933,616200,476200,24200
21101322,499400,364400,22300
21110056,342400,276400,11800
21110276,72800,38800,10300
21112632,177100,131500,21900
21112669,177100,131500,21900
21112879,239500,209700,11800
21113900,616200,476200,24200
21132418,616200,476200,24200
21132825,616200,476200,24200
21132859,616200,476200,24200
21132910,616200,476200,24200
21132963,602200,462200,24200
22680157,400,0,400
22680217,400,0,400
22680301,400,0,400
22680313,400,0,400
22680391,400,0,400
22683399,400,0,400
22692425,400,0,400
22693150,400,0,400
22693158,400,0,400
22693178,400,0,400
22693216,400,0,400
22693220,400,0,400
22693251,400,0,400
22693289,400,0,400
22693305,400,0,400
22693336,400,0,400
22693359,400,0,400
22693369,400,0,400
22693383,400,0,400
22693392,400,0,400
22693414,400,0,400
22693427,400,0,400
22693431,400,0,400
22693490,224400,212900,11500
22693749,400,0,400
22693770,400,0,400
22693855,400,0,400
22694132,400,0,400
22694240,136200,127600,8600
22694420,400,0,400
22694571,4100,0,3900
22694601,616200,476200,24200
22694612,4100,0,3900
22694722,4000,0,3800
22694730,535700,396500,24600
22694740,616600,476200,24600
22694782,400,0,400
22694794,616600,476200,24600
22694799,263800,228400,12400
22694821,4500,0,4300
22696641,616600,476200,24600
22696645,616600,476200,24600
22696694,616600,476200,24600
22696698,616600,476200,24600
22696743,400,0,400
22697211,400,0,400
22697219,400,0,400
22697733,616600,476200,24600
22697738,616200,476200,24200
22698042,133500,126600,2700
22698132,616200,476200,24200
22698172,616200,476200,24200
22698175,616200,476200,24200
22698548,616600,476200,24600
22727487,400,0,400
22727668,400,0,400
22727969,400,0,400
22728182,400,0,400
22734070,371100,265000,12800
22736173,616600,476200,24600
42566169,136400,91700,24100
42830204,4100,0,3900
42830239,177100,131500,21900
42830251,177100,131500,21900
42830277,177100,131500,21900
46079801,4100,0,3900
46080080,4100,0,3900
46080857,3800,0,3600
46081422,62700,29700,12400
46081926,4100,0,3900
46086162,4100,0,3900
46086190,4100,0,3900
46086355,4100,0,3900
46086532,4100,0,3900
46086775,4100,0,3900
46087000,4100,0,3900
46087813,3800,0,3600
46087863,134800,91200,24100
46967817,616500,476200,24500
47165067,616200,476200,24200
47165363,616200,476200,24200
47165538,616200,476200,24200
47269908,3800,0,3600
47402970,3800,0,3600
47402978,3700,0,3600
47403067,3800,0,3600
48342093,136700,91900,24100
48342105,4100,0,3900
48342111,4100,0,3900
48342115,4100,0,3900
48342117,3800,0,3600
48342126,3800,0,3600
48342137,136700,91900,24100
48342154,63000,29900,12400
48342158,63000,29900,12400
48342162,3800,0,3600
48342168,4100,0,3900
48342187,3800,0,3600
48342209,100,0,100
48342210,4100,0,3900
48342213,4100,0,3900
48342225,3800,0,3600
48342246,136700,91900,24100
48342248,4100,0,3900
48342256,100,0,100
48342265,4100,0,3900
48342274,4100,0,3900
48342292,4100,0,3900
48342295,63000,29900,12400
48342300,4100,0,3900
48342309,4100,0,3900
48342321,4100,0,3900
48342326,3800,0,3600
48342333,4100,0,3900
48342346,136700,91900,24100
48342354,3800,0,3600
48342359,4100,0,3900
48342366,4100,0,3900
48342385,4100,0,3900
48342389,100,0,100
48342402,3800,0,3600
48342428,4100,0,3900
48342431,3800,0,3600
48342444,136700,91900,24100
48342451,3800,0,3600
48342456,63000,29900,12400
48342473,3800,0,3600
48342475,3100,0,2900
48342477,4100,0,3900
48342482,3800,0,3600
48342489,4100,0,3900
48342513,4100,0,3900
48342516,4100,0,3900
48342518,100,0,100
48342521,4100,0,3900
48342525,4100,0,3900
48342530,136700,91900,24100
50902942,4100,0,3900
50903119,4100,0,3900
50903183,4100,0,3900
56852298,4100,0,3900
57825241,347000,258200,12400
60469175,616200,476200,24200
60469232,605500,465500,24200
60469264,281800,238400,24000
60469375,616200,476200,24200
60469615,616200,476200,24200
60469670,2000,2000,0
60470092,616200,476200,24200
60470418,616200,476200,24200
60470422,616200,476200,24200
60470687,616200,476200,24200
60471792,616200,476200,24200
60471877,53200,35700,10800
60471901,616200,476200,24200
60475627,15500,3600,0
60481655,20500,14500,0
60481914,616200,476200,24200
60483083,616200,476200,24200
60483092,616200,476200,24200
60483177,616200,476200,24200
60483273,616200,476200,24200
67852269,4100,0,3900
67852930,4100,0,3900
67853143,63000,29900,12400
67853390,4100,0,3900
67853451,4100,0,3900
67856085,4100,0,3900
67869125,136300,91600,24100
67869551,63000,29900,12400
67869566,136700,91900,24100
67869958,3800,0,3600
67870015,3800,0,3600
67871020,136700,91900,24100
67871036,136700,91900,24100
67871084,136700,91900,24100
67871116,136700,91900,24100
67871136,63000,29900,12400
67871143,136700,91900,24100
67871203,3800,0,3600
67871260,136700,91900,24100
67871355,4100,0,3900
67899637,136400,91700,24100
67899991,4100,0,3900
67900607,136700,91900,24100
67901205,136700,91900,24100
67901306,3800,0,3600
67902088,4100,0,3900
67902103,4000,0,3800
67902657,4100,0,3900
67902908,4100,0,3900
67902985,4100,0,3900
67903042,4100,0,3900
67903124,4100,0,3900
67903149,136700,91900,24100
67903174,4100,0,3900
67905401,3800,0,3600
67905470,4100,0,3900
67905489,63000,29900,12400
67966271,616200,476200,24200
67968894,136400,91700,24100
67996575,136700,91900,24100
67997172,4100,0,3900
67997318,136700,91900,24100
67997668,4100,0,3900
67997787,4100,0,3900
67997808,63000,29900,12400
67997854,4100,0,3900
67997869,4100,0,3900
67997879,4100,0,3900
67997886,63000,29900,12400
68000804,4100,0,3900
68001146,3800,0,3600
68324528,4100,0,3900
68324675,136700,91900,24100
68325526,4100,0,3900
68326585,3800,0,3600
68328401,200,0,200
68328587,3800,0,3600
68329897,1000,0,1000
68329954,4100,0,3900
68330520,300,0,300
68332344,3800,0,3600
68332472,4100,0,3900
68332934,100,0,100
68332983,59300,26300,12400
68333251,62700,29700,12400
68333307,3800,0,3600
68377359,3800,0,3600
68398868,3900,0,3700
69128053,4100,0,3900
69128107,4100,0,3900
69128289,4100,0,3900
69128478,4000,0,3800
69128541,3800,0,3600
69130229,3800,0,3600
69130320,3800,0,3600
69179175,3800,0,3600
69179838,4100,0,3900
69180312,3900,0,3700
69181442,4100,0,3900
69181519,4100,0,3900
69181884,4100,0,3900
69181934,4100,0,3900
69181941,4100,0,3900
69181969,300,0,300
69182011,4100,0,3900
69182614,4100,0,3900
69182861,4100,0,3900
69538589,3800,0,3600
69539262,4100,0,3900
69539271,4100,0,3900
69539322,4100,0,3900
69539343,4100,0,3900
69539356,3800,0,3600
69539374,4100,0,3900
69539421,3800,0,3600
69539499,4100,0,3900
69539506,3900,0,3700
69539564,4100,0,3900
69539571,3800,0,3600
69539597,3800,0,3600
69539604,3800,0,3600
69539611,3800,0,3600
69539627,3800,0,3600
69544768,3800,0,3600
69544771,4100,0,3900
69583335,3800,0,3600
69583371,4100,0,3900
69583393,4100,0,3900
69583400,4100,0,3900
69583407,4100,0,3900
69583414,4100,0,3900
69583417,4100,0,3900
69583426,4100,0,3900
69583439,4100,0,3900
69583442,4100,0,3900
69583447,3800,0,3600
69583460,4100,0,3900
69583463,3800,0,3600
69584035,62700,29700,12400
69584048,3800,0,3600
69584098,136700,91900,24100
69584403,3900,0,3700
69584408,4100,0,3900
69584417,136700,91900,24100
69584428,73600,61900,11700
69584488,3800,0,3600
69584519,62700,29700,12400
69584560,4100,0,3900
69584566,4100,0,3900
69584835,4100,0,3900
69585696,4100,0,3900
69586094,136400,91700,24100
69586372,3800,0,3600
69586671,4100,0,3900
69588014,62700,29700,12400
69588731,4100,0,3900
69588828,3800,0,3600
69588906,3800,0,3600
69588952,3800,0,3600
69588992,62700,29700,12400
69589017,136300,91600,24100
69589636,4100,0,3900
69590149,136300,91600,24100
69590390,3800,0,3600
69590668,136300,91600,24100
69590742,136300,91600,24100
69590801,62700,29700,12400
69590843,3900,0,3700
69590936,3800,0,3600
69590993,136200,91500,24100
69591007,62700,29700,12400
69591014,62700,29700,12400
69591045,62700,29700,12400
69591538,3800,0,3600
69591554,104200,66300,17300
69591683,4100,0,3900
69591708,3800,0,3600
69591773,4100,0,3900
69591800,3800,0,3600
69591878,101800,63800,17300
69592012,62700,29700,12400
69592021,4100,0,3900
69592071,79000,43200,15200
69689070,4100,0,3900
69689242,3900,0,3700
69689424,4100,0,3900
69689554,3900,0,3700
69689777,3800,0,3600
69690025,3900,0,3700
69738690,4100,0,3900
69738727,4000,0,3800
69738738,4100,0,3900
69738881,136300,91600,24100
69738933,4100,0,3900
69739558,4100,0,3900
69739648,3800,0,3600
69739816,3800,0,3600
69741115,4100,0,3900
71711344,62700,29700,12400
75155263,136400,91700,24100
75155303,4100,0,3900
95569528,300,0,300
95999331,3800,0,3600
96018882,3800,0,3600
97780757,300,0,300
97780868,4100,0,3900
98838439,4100,0,3900
